bucket,Current,30,60,90+,Default,Prepaid
Current,0.97503,0.00991,8e-05,7e-05,1e-05,0.0149
30,0.32816,0.46472,0.20542,0.00167,3e-05,0.0
60,0.10942,0.14284,0.35517,0.37743,0.00023,0.0149
90+,0.04616,0.00658,0.01313,0.90383,0.02687,0.00343
