stage,Stage 1,Stage 2,Stage 3,Prepaid
Stage 1,0.97503,0.00999,8e-05,0.0149
Stage 2,0.27148,0.62553,0.09912,0.00386
Stage 3,0.0407,0.01739,0.93889,0.00302
